-- --------------------------------------------------------
-- Host:                         localhost
-- Server version:               8.0.30 - MySQL Community Server - GPL
-- Server OS:                    Win64
-- HeidiSQL Version:             12.1.0.6537
-- --------------------------------------------------------

/*!40101 SET @OLD_CHARACTER_SET_CLIENT=@@CHARACTER_SET_CLIENT */;
/*!40101 SET NAMES utf8 */;
/*!50503 SET NAMES utf8mb4 */;
/*!40103 SET @OLD_TIME_ZONE=@@TIME_ZONE */;
/*!40103 SET TIME_ZONE='+00:00' */;
/*!40014 SET @OLD_FOREIGN_KEY_CHECKS=@@FOREIGN_KEY_CHECKS, FOREIGN_KEY_CHECKS=0 */;
/*!40101 SET @OLD_SQL_MODE=@@SQL_MODE, SQL_MODE='NO_AUTO_VALUE_ON_ZERO' */;
/*!40111 SET @OLD_SQL_NOTES=@@SQL_NOTES, SQL_NOTES=0 */;


-- Dumping database structure for isladelcoffee
CREATE DATABASE IF NOT EXISTS `isladelcoffee` /*!40100 DEFAULT CHARACTER SET utf8mb4 COLLATE utf8mb4_0900_ai_ci */ /*!80016 DEFAULT ENCRYPTION='N' */;
USE `isladelcoffee`;

-- Dumping structure for table isladelcoffee.feedback
CREATE TABLE IF NOT EXISTS `feedback` (
  `contact_id` int NOT NULL AUTO_INCREMENT,
  `user_id` int DEFAULT NULL,
  `name` varchar(100) CHARACTER SET utf8mb4 COLLATE utf8mb4_0900_ai_ci NOT NULL,
  `email` varchar(100) CHARACTER SET utf8mb4 COLLATE utf8mb4_0900_ai_ci NOT NULL,
  `subject` varchar(150) CHARACTER SET utf8mb4 COLLATE utf8mb4_0900_ai_ci DEFAULT NULL,
  `message` text CHARACTER SET utf8mb4 COLLATE utf8mb4_0900_ai_ci NOT NULL,
  `status` enum('Pending','Reviewed','In Progress','Flagged','Resolved','Ignored','Archived') CHARACTER SET utf8mb4 COLLATE utf8mb4_0900_ai_ci DEFAULT 'Pending',
  `created_at` timestamp NULL DEFAULT CURRENT_TIMESTAMP,
  PRIMARY KEY (`contact_id`) USING BTREE,
  KEY `user_id` (`user_id`) USING BTREE,
  KEY `email` (`email`) USING BTREE,
  CONSTRAINT `feedback_user_fk` FOREIGN KEY (`user_id`) REFERENCES `user` (`user_id`) ON DELETE SET NULL ON UPDATE CASCADE
) ENGINE=InnoDB AUTO_INCREMENT=16 DEFAULT CHARSET=utf8mb4 COLLATE=utf8mb4_0900_ai_ci;

-- Dumping data for table isladelcoffee.feedback: ~0 rows (approximately)

-- Dumping structure for table isladelcoffee.order
CREATE TABLE IF NOT EXISTS `order` (
  `order_id` int NOT NULL AUTO_INCREMENT,
  `user_id` int DEFAULT NULL,
  `order_number` varchar(50) DEFAULT NULL,
  `total_amount` decimal(10,2) DEFAULT NULL,
  `status` enum('Pending','Confirmed','Processing','Ready for Pickup','Ready for Delivery','Out for Delivery','Delivered','Completed','Refund','Cancelled','Failed Delivery','Returned') CHARACTER SET utf8mb4 COLLATE utf8mb4_0900_ai_ci NOT NULL DEFAULT 'Pending',
  `payment_method` enum('GCash','Pickup') CHARACTER SET utf8mb4 COLLATE utf8mb4_0900_ai_ci NOT NULL DEFAULT 'GCash',
  `payment_reference` varchar(255) CHARACTER SET utf8mb4 COLLATE utf8mb4_0900_ai_ci DEFAULT NULL,
  `delivery_firstname` varchar(100) DEFAULT NULL,
  `delivery_lastname` varchar(100) DEFAULT NULL,
  `delivery_phone` varchar(20) DEFAULT NULL,
  `delivery_email` varchar(100) DEFAULT NULL,
  `delivery_address` text,
  `delivery_city` enum('Carcar') DEFAULT 'Carcar',
  `delivery_zipcode` varchar(10) DEFAULT NULL,
  `discount_amount` decimal(10,2) DEFAULT '0.00',
  `promo_code` varchar(50) DEFAULT NULL,
  `loyalty_points_used` int DEFAULT '0',
  `created_at` timestamp NULL DEFAULT CURRENT_TIMESTAMP,
  `updated_at` timestamp NULL DEFAULT CURRENT_TIMESTAMP ON UPDATE CURRENT_TIMESTAMP,
  PRIMARY KEY (`order_id`),
  KEY `user_id` (`user_id`),
  CONSTRAINT `order_ibfk_1` FOREIGN KEY (`user_id`) REFERENCES `user` (`user_id`)
) ENGINE=InnoDB AUTO_INCREMENT=131 DEFAULT CHARSET=utf8mb4 COLLATE=utf8mb4_0900_ai_ci;

-- Dumping data for table isladelcoffee.order: ~40 rows (approximately)
INSERT INTO `order` (`order_id`, `user_id`, `order_number`, `total_amount`, `status`, `payment_method`, `payment_reference`, `delivery_firstname`, `delivery_lastname`, `delivery_phone`, `delivery_email`, `delivery_address`, `delivery_city`, `delivery_zipcode`, `discount_amount`, `promo_code`, `loyalty_points_used`, `created_at`, `updated_at`) VALUES
	(86, 1, 'ORD-1754792361160-1488', 1276.00, 'Processing', 'Pickup', NULL, 'Jade Ivan', 'Bringcola', '091234567890', 'bansimplified567@gmail.com', 'Pandan Sibonga', 'Carcar', '6020', 0.00, NULL, 0, '2025-08-10 02:19:21', '2025-08-30 11:06:10'),
	(87, 1, 'ORD-1754818194617-2980', 496.90, 'Confirmed', 'Pickup', NULL, 'bani', 'bani', '091234567890', 'naviedaj567@gmail.com', 'Pandan Sibonga Cebu', 'Carcar', '6020', 44.10, 'discount10', 0, '2025-08-10 09:29:54', '2025-08-30 11:06:12'),
	(88, 1, 'ORD-1755746333006-5792', 980.70, 'Completed', 'Pickup', NULL, 'Jade Ivan', 'Bringcola', '0987654321', 'naviedaj567@gmail.com', 'Pandan Sibonga Cebu', 'Carcar', '6020', 152.30, 'discount10', 10, '2025-08-21 03:18:54', '2025-08-30 11:06:13'),
	(89, 1, 'ORD-1756091464269-6559', 2713.00, 'Confirmed', 'Pickup', NULL, 'Bannie', 'bringcols', '09460945946', 'naviedaj567@gmail.com', 'Pandan Sibonga Cebu', 'Carcar', '6020', 0.00, NULL, 0, '2025-08-25 03:11:04', '2025-08-30 11:06:15'),
	(90, 1, 'ORD-1756091761961-1791', 3461.10, 'Confirmed', 'Pickup', NULL, 'Bannie', 'bringcols', '09460945946', 'naviedaj567@gmail.com', 'Pandan Sibonga Cebu', 'Carcar', '6020', 427.90, 'discount10', 100, '2025-08-25 03:16:02', '2025-08-30 11:06:17'),
	(92, 1, 'ORD-1756446195701-3991', 480.20, 'Processing', 'Pickup', NULL, 'Bannie', 'bringcols', '09460945946', 'naviedaj567@gmail.com', 'Pandan Sibonga Cebu', 'Carcar', '6020', 107.80, 'discount10', 100, '2025-08-29 05:43:15', '2025-08-30 14:59:35'),
	(93, 1, 'ORD-1756553662172-5786', 147.00, 'Confirmed', 'GCash', 'payment_2025-08-30_13-34-22_68b2e1be4d323.png', 'Bannie', 'bringcols', '09460945946', 'naviedaj567@gmail.com', 'Pandan Sibonga Cebu', 'Carcar', '6020', 0.00, NULL, 0, '2025-08-30 11:34:22', '2025-08-30 11:56:43'),
	(94, 1, 'ORD-1756557091239-5656', 706.00, 'Cancelled', 'GCash', '089124712412124123124', 'Bannie', 'bringcols', '09460945946', 'naviedaj567@gmail.com', 'Pandan Sibonga Cebu', 'Carcar', '6020', 0.00, NULL, 0, '2025-08-30 12:31:31', '2025-08-30 15:00:31'),
	(95, 1, 'ORD-1756559031501-6966', 441.00, 'Completed', 'GCash', '089124712412124123124', 'Bannie', 'bringcols', '09460945946', 'naviedaj567@gmail.com', 'Pandan Sibonga Cebu', 'Carcar', '6020', 0.00, NULL, 100, '2025-08-30 13:03:51', '2025-08-30 14:58:26'),
	(96, 1, 'ORD-1756563242584-2866', 686.00, 'Cancelled', 'GCash', '3852382342349', 'Bannie', 'bringcols', '09460945946', 'naviedaj567@gmail.com', 'Pandan Sibonga Cebu', 'Carcar', '6020', 0.00, NULL, 100, '2025-08-30 14:14:02', '2025-08-30 14:15:18'),
	(97, 1, 'ORD-1756566125139-5359', 539.00, 'Pending', 'GCash', '3852382342349', 'Bannie', 'bringcols', '09460945946', 'naviedaj567@gmail.com', 'Pandan Sibonga Cebu', 'Carcar', '6020', 0.00, NULL, 100, '2025-08-30 15:02:05', '2025-08-30 15:02:05'),
	(100, 3, 'ORD-1756568247958-6117', 490.00, 'Pending', 'Pickup', NULL, 'Gail56', '567', '09887171623', 'gail567@gmail.com', 'Carcat dapit sa Apartment', 'Carcar', '6020', 0.00, NULL, 0, '2025-08-30 15:37:28', '2025-08-30 15:37:45'),
	(101, 3, 'ORD-1756568925855-2435', 392.00, 'Pending', 'Pickup', NULL, 'Gail567', '567', '09887171623', 'gail567@gmail.com', 'Pandan Sibonga Cebu', 'Carcar', '6020', 0.00, NULL, 0, '2025-08-30 15:48:45', '2025-08-30 15:48:45'),
	(102, 3, 'ORD-1756569778350-2549', 132.30, 'Confirmed', 'GCash', '089124712412124123124', 'Gail567', '567', '09460945946', 'naviedaj567@gmail.com', 'Pandan Sibonga Cebu', 'Carcar', '6020', 14.70, 'discount10', 0, '2025-08-30 16:02:58', '2025-09-15 14:34:35'),
	(103, 3, 'ORD-1756621030608-6315', 539.00, 'Confirmed', 'Pickup', NULL, 'Gail567', '567', '09878123412', 'gail567@gmail.com', 'Pandan Sibonga Cebu', 'Carcar', '6020', 0.00, NULL, 0, '2025-08-31 06:17:10', '2025-08-31 16:23:37'),
	(104, 3, 'ORD-1756623805022-6340', 245.00, 'Confirmed', 'GCash', '3852382342349', 'Gail567', '567', '09123124125', 'gail567@gmail.com', 'carcar', 'Carcar', '6020', 0.00, NULL, 0, '2025-08-31 07:03:25', '2025-09-15 14:34:32'),
	(105, 3, 'ORD-1756628908623-3760', 2348.00, 'Confirmed', 'GCash', '089124712412124123124', 'Gail567', '567', '09460945946', 'gail567@gmail.com', 'Pandan Sibonga Cebu', 'Carcar', '6020', 0.00, NULL, 0, '2025-08-31 08:28:28', '2025-09-15 14:34:24'),
	(106, 3, 'ORD-1756633176110-6787', 343.00, 'Confirmed', 'Pickup', NULL, 'Gail567', '567', '098765443221', 'gail567@gmail.com', 'Pandan Sibonga Cebu', 'Carcar', '6020', 0.00, NULL, 0, '2025-08-31 09:39:36', '2025-09-15 14:34:27'),
	(107, 3, 'ORD-1756633519475-3268', 686.00, 'Ready for Pickup', 'GCash', '3852382342349', 'Gail567', '567', '09460945946', 'gail567@gmail.com', 'Pandan Sibonga Cebu', 'Carcar', '6021', 0.00, NULL, 100, '2025-08-31 09:45:19', '2025-09-15 14:00:24'),
	(108, 3, 'ORD-1756641903277-1394', 294.00, 'Completed', 'GCash', '089124712412124123124', 'Gail567', '567', '09460945946', 'gail567@gmail.com', 'Pandan Sibonga Cebu', 'Carcar', '6021', 0.00, NULL, 100, '2025-08-31 12:05:03', '2025-09-30 10:15:23'),
	(109, 3, 'ORD-1756657344029-4506', 392.00, 'Completed', 'Pickup', NULL, 'Gail', '567', '09876543211', 'gail567@gmail.com', 'Pandan Sibonga Cebu', 'Carcar', '6020', 0.00, NULL, 0, '2025-08-31 16:22:24', '2025-09-16 12:48:05'),
	(110, 18, 'ORD-1757518569376-4384', 352.80, 'Cancelled', 'GCash', '3852382342349', 'Jade001', 'Bannie', '09460945946', 'jade001@gmail.com', 'Pandan Sibonga Cebu', 'Carcar', '6020', 39.20, 'discount10', 0, '2025-09-10 15:36:09', '2025-09-15 13:54:04'),
	(111, 1, 'ORD-1757898089527-6573', 264.60, 'Confirmed', 'GCash', '3852382342349', 'Bannie', 'bringcols', '09460945946', 'naviedaj567@gmail.com', 'Pandan Sibonga Cebu', 'Carcar', '6020', 29.40, 'discount10', 100, '2025-09-15 01:01:29', '2025-09-15 14:19:28'),
	(112, 19, 'ORD-1757987680007-7447', 617.40, 'Ready for Delivery', 'GCash', '1241235y7348', 'User001', 'User001', '09460945946', 'User001@gmail.com', 'Pandan Sibonga Cebu', 'Carcar', '6021', 68.60, 'discount10', 0, '2025-09-16 01:54:40', '2025-09-28 12:40:36'),
	(113, 20, 'ORD-1757987886831-5930', 1424.97, 'Processing', 'Pickup', NULL, 'User002', 'User002', '09460945946', 'User002@gmail.com', 'Pandan Sibonga Cebu', 'Carcar', '6020', 0.00, NULL, 0, '2025-09-16 01:58:06', '2025-09-28 12:35:28'),
	(114, 1, 'ORD-1758266762184-1226', 551.96, 'Confirmed', 'Pickup', NULL, 'Bansimplified567', 'Bansimplified567', '09460945946', 'Bansimplified567@gmail.com', 'Pandan Sibonga Cebu', 'Carcar', '6020', 0.00, NULL, 100, '2025-09-19 07:26:02', '2025-09-28 12:36:10'),
	(115, 1, 'ORD-1758266836311-3638', 392.00, 'Processing', 'Pickup', NULL, 'Bansimplified567', 'Bansimplified567', '09460945946', 'Bansimplified567@gmail.com', 'Pandan Sibonga Cebu', 'Carcar', '6020', 0.00, NULL, 100, '2025-09-19 07:27:16', '2025-09-30 10:14:29'),
	(116, 1, 'ORD-1759099363725-7088', 748.00, 'Confirmed', 'GCash', '1215157274642', 'Bansimplified', 'Bringcola', '09161328204', 'bansimplified567@gmail.com', 'Cebu', 'Carcar', '6020', 0.00, NULL, 100, '2025-09-28 22:42:43', '2025-09-30 11:10:29'),
	(117, 1, 'ORD-1759100600138-8779', 392.00, 'Confirmed', 'GCash', '684574545243235', 'Bansimplified567', 'Bringcola', '09161328204', 'bansimplified567@mail.com', 'Cebu CarCar', 'Carcar', '6020', 0.00, NULL, 100, '2025-09-28 23:03:20', '2025-09-30 11:10:21'),
	(118, 1, 'ORD-1759101961154-1455', 833.00, 'Confirmed', 'GCash', '9192871264123', 'Bansimplified567', 'Bringcola', '09161328204', 'bansimplified567@gmail.com', 'Cebu CarCar', 'Carcar', '6020', 0.00, NULL, 100, '2025-09-28 23:26:01', '2025-09-30 11:10:10'),
	(119, 1, 'ORD-1759102475426-2670', 752.00, 'Confirmed', 'Pickup', NULL, 'Bansimplified567', 'Bringcola', '09161327204', 'bansimplified567@gmail.com', 'Cebu CarCar', 'Carcar', '6020', 0.00, NULL, 0, '2025-09-28 23:34:35', '2025-09-30 11:10:12'),
	(120, 1, 'ORD-1759116968418-5870', 308.70, 'Confirmed', 'GCash', '757338402329', 'Bansimplified567', 'Bringcola', '09161328204', 'bansimlified567@gmail.com', 'Sulod sa simbahan', 'Carcar', '6020', 34.30, 'isladelcafe2025', 100, '2025-09-29 03:36:08', '2025-09-30 11:10:25'),
	(121, 1, 'ORD-1759132097470-2571', 441.00, 'Confirmed', 'GCash', '291716721631', 'Bansimplified567', 'Bringcola', '09161328204', 'bansimplifide567@gmail.com', 'Sulod sa Cr inla dodong', 'Carcar', '6020', 0.00, NULL, 0, '2025-09-29 07:48:17', '2025-09-30 11:10:05'),
	(122, 1, 'ORD-1759148338771-7453', 588.00, 'Confirmed', 'Pickup', NULL, 'Bansimplified567', 'Bringcola', '09161328204', 'naviedaj567@gmail.com', 'Likud sa SM', 'Carcar', '6021', 0.00, NULL, 100, '2025-09-29 12:18:58', '2025-09-30 11:10:00'),
	(123, 1, 'ORD-1759160403865-2791', 294.00, 'Completed', 'GCash', '112312151', 'Bansimplified', 'Bringcola', '09161328204', 'bansimplified567@gmail.com', 'Likud imsabahan', 'Carcar', '6021', 0.00, NULL, 0, '2025-09-29 15:40:03', '2025-10-01 04:09:29'),
	(124, 1, 'ORD-1759225290415-2618', 343.00, 'Processing', 'GCash', 'afasdascavasvas', 'Bansimplified567', 'Bringcola', 'naviedaj567091002', 'bansimplified567@gmail.com', '09161328204', 'Carcar', 'sadjas', 0.00, NULL, 0, '2025-09-30 09:41:30', '2025-10-01 03:48:21'),
	(126, 1, 'ORD-1759305418228-3979', 2341.00, 'Cancelled', 'Pickup', NULL, 'bansimplified', 'bringcola', 'ggjkkjhkjj', 'bansimplified567@gmail.com', 'likod sa SM', 'Carcar', '6020', 0.00, NULL, 0, '2025-10-01 07:56:58', '2025-10-01 12:11:46'),
	(127, 1, 'ORD-1759319709005-6038', 784.00, 'Cancelled', 'Pickup', NULL, 'Bansimplified', 'Bringcola', '09619839317', 'bansimplified567@gmail.com', 'Likud sa SM', 'Carcar', '6020', 0.00, NULL, 100, '2025-10-01 11:55:09', '2025-10-01 12:01:32'),
	(128, 1, 'ORD-1759357806089-8317', 1391.00, 'Cancelled', 'Pickup', NULL, 'Bansimplified', 'bringcola', '09619839317', 'bansimplified567@gmail.com', 'Likud sa SM', 'Carcar', '6021', 0.00, NULL, 0, '2025-10-01 22:30:06', '2025-10-01 23:42:56'),
	(129, 1, 'ORD-1759360135029-7275', 245.00, 'Completed', 'Pickup', NULL, 'bansimplified', 'bringcola', '09619839317', 'bansimplified567@gmail.com', 'Likud sa SM', 'Carcar', '6020', 0.00, NULL, 100, '2025-10-01 23:08:55', '2025-10-02 03:59:55');

-- Dumping structure for table isladelcoffee.orderhistory
CREATE TABLE IF NOT EXISTS `orderhistory` (
  `history_id` int NOT NULL AUTO_INCREMENT,
  `order_id` int NOT NULL,
  `user_id` int NOT NULL,
  `status` varchar(50) CHARACTER SET utf8mb4 COLLATE utf8mb4_0900_ai_ci DEFAULT NULL,
  `notes` text CHARACTER SET utf8mb4 COLLATE utf8mb4_0900_ai_ci,
  `transaction_id` varchar(50) DEFAULT NULL,
  `created_at` timestamp NULL DEFAULT CURRENT_TIMESTAMP,
  `updated_at` timestamp NULL DEFAULT CURRENT_TIMESTAMP ON UPDATE CURRENT_TIMESTAMP,
  PRIMARY KEY (`history_id`) USING BTREE,
  KEY `order_id` (`order_id`) USING BTREE,
  KEY `user_id` (`user_id`) USING BTREE,
  CONSTRAINT `orderhistory_ibfk_1` FOREIGN KEY (`order_id`) REFERENCES `order` (`order_id`),
  CONSTRAINT `orderhistory_ibfk_2` FOREIGN KEY (`user_id`) REFERENCES `user` (`user_id`)
) ENGINE=InnoDB AUTO_INCREMENT=169 DEFAULT CHARSET=utf8mb4 COLLATE=utf8mb4_0900_ai_ci;

-- Dumping data for table isladelcoffee.orderhistory: ~148 rows (approximately)
INSERT INTO `orderhistory` (`history_id`, `order_id`, `user_id`, `status`, `notes`, `transaction_id`, `created_at`, `updated_at`) VALUES
	(1, 86, 1, 'Pending', 'Order placed', NULL, '2025-08-10 02:19:21', '2025-08-10 02:19:21'),
	(2, 87, 1, 'Pending', 'Order placed', NULL, '2025-08-10 09:29:54', '2025-08-10 09:29:54'),
	(3, 87, 1, 'Completed', 'Status updated', NULL, '2025-08-11 10:45:25', '2025-08-11 10:45:25'),
	(4, 86, 1, 'For Delivery', 'Status updated from Pending to For Delivery', NULL, '2025-08-11 10:45:31', '2025-08-11 10:45:31'),
	(5, 86, 1, 'Processing', 'Status updated from For Delivery to Processing', NULL, '2025-08-11 12:04:13', '2025-08-11 12:04:13'),
	(6, 86, 1, 'Ready for Pickup', 'Status updated from Processing to Ready for Pickup', NULL, '2025-08-11 12:04:25', '2025-08-11 12:04:25'),
	(7, 87, 1, 'Confirmed', 'Status updated from Completed to Confirmed', NULL, '2025-08-11 12:06:28', '2025-08-11 12:06:28'),
	(8, 86, 1, 'Confirmed', 'Status updated from Ready for Pickup to Confirmed', NULL, '2025-08-11 12:06:31', '2025-08-11 12:06:31'),
	(9, 87, 1, 'Refund', 'Status updated from Confirmed to Refund', NULL, '2025-08-11 12:06:43', '2025-08-11 12:06:43'),
	(10, 86, 1, 'Processing', 'Status updated from Confirmed to Processing', NULL, '2025-08-11 12:06:48', '2025-08-11 12:06:48'),
	(11, 86, 1, 'Completed', 'Status updated from Processing to Completed', NULL, '2025-08-11 12:06:50', '2025-08-11 12:06:50'),
	(12, 86, 1, 'Refund', 'Status updated from Completed to Refund', NULL, '2025-08-11 12:06:56', '2025-08-11 12:06:56'),
	(13, 87, 1, 'Confirmed', 'Status updated from Refund to Confirmed', NULL, '2025-08-11 12:12:38', '2025-08-11 12:12:38'),
	(14, 87, 1, 'Ready for Pickup', 'Status updated from Confirmed to Ready for Pickup', NULL, '2025-08-11 12:12:41', '2025-08-11 12:12:41'),
	(15, 87, 1, 'Cancelled', 'Status updated from Ready for Pickup to Cancelled', NULL, '2025-08-11 12:12:45', '2025-08-11 12:12:45'),
	(16, 86, 1, 'Cancelled', 'Status updated from Refund to Cancelled', NULL, '2025-08-11 12:12:50', '2025-08-11 12:12:50'),
	(17, 86, 1, 'Delivered', 'Status updated from Cancelled to Delivered', NULL, '2025-08-11 12:12:56', '2025-08-11 12:12:56'),
	(18, 87, 1, 'Delivered', 'Status updated from Cancelled to Delivered', NULL, '2025-08-11 12:13:11', '2025-08-11 12:13:11'),
	(19, 86, 1, 'For Delivery', 'Status updated from Delivered to For Delivery', NULL, '2025-08-11 12:15:32', '2025-08-11 12:15:32'),
	(20, 86, 1, 'Processing', 'Status updated from For Delivery to Processing', NULL, '2025-08-11 12:17:15', '2025-08-11 12:17:15'),
	(21, 87, 1, 'Ready for Delivery', 'Status updated from Delivered to Ready for Delivery', NULL, '2025-08-11 12:25:18', '2025-08-11 12:25:18'),
	(22, 87, 1, 'Pending', 'Status updated from Ready for Delivery to Pending', NULL, '2025-08-11 12:25:28', '2025-08-11 12:25:28'),
	(23, 87, 1, 'Confirmed', 'Status updated from Pending to Confirmed', NULL, '2025-08-11 12:25:31', '2025-08-11 12:25:31'),
	(24, 87, 1, 'Processing', 'Status updated from Confirmed to Processing', NULL, '2025-08-11 12:25:33', '2025-08-11 12:25:33'),
	(25, 87, 1, 'Ready for Pickup', 'Status updated from Processing to Ready for Pickup', NULL, '2025-08-11 12:25:35', '2025-08-11 12:25:35'),
	(26, 87, 1, 'Ready for Delivery', 'Status updated from Ready for Pickup to Ready for Delivery', NULL, '2025-08-11 12:25:38', '2025-08-11 12:25:38'),
	(27, 87, 1, 'Out for Delivery', 'Status updated from Ready for Delivery to Out for Delivery', NULL, '2025-08-11 12:25:40', '2025-08-11 12:25:40'),
	(28, 87, 1, 'Delivered', 'Status updated from Out for Delivery to Delivered', NULL, '2025-08-11 12:25:42', '2025-08-11 12:25:42'),
	(29, 87, 1, 'Completed', 'Status updated from Delivered to Completed', NULL, '2025-08-11 12:25:45', '2025-08-11 12:25:45'),
	(30, 87, 1, 'Refund', 'Status updated from Completed to Refund', NULL, '2025-08-11 12:25:47', '2025-08-11 12:25:47'),
	(31, 87, 1, 'Cancelled', 'Status updated from Refund to Cancelled', NULL, '2025-08-11 12:25:49', '2025-08-11 12:25:49'),
	(32, 87, 1, 'Failed Delivery', 'Status updated from Cancelled to Failed Delivery', NULL, '2025-08-11 12:25:51', '2025-08-11 12:25:51'),
	(33, 87, 1, 'Returned', 'Status updated from Failed Delivery to Returned', NULL, '2025-08-11 12:25:53', '2025-08-11 12:25:53'),
	(34, 87, 1, 'Confirmed', 'Status updated from Returned to Confirmed', NULL, '2025-08-16 11:42:36', '2025-08-16 11:42:36'),
	(35, 88, 1, 'Pending', 'Order placed with loyalty points redemption (no points deducted, 1 free coffee: Bannie, â‚±49.00)', NULL, '2025-08-21 03:18:56', '2025-08-21 03:18:56'),
	(36, 88, 1, 'Confirmed', 'Status updated from Pending to Confirmed', NULL, '2025-08-21 03:22:39', '2025-08-21 03:22:39'),
	(37, 88, 1, 'Processing', 'Status updated from Confirmed to Processing', NULL, '2025-08-21 03:22:42', '2025-08-21 03:22:42'),
	(38, 88, 1, 'Ready for Delivery', 'Status updated from Processing to Ready for Delivery', NULL, '2025-08-21 03:22:48', '2025-08-21 03:22:48'),
	(39, 88, 1, 'Completed', 'Status updated from Ready for Delivery to Completed', NULL, '2025-08-21 03:23:07', '2025-08-21 03:23:07'),
	(40, 89, 1, 'Pending', 'Order placed with 261 loyalty points earned', NULL, '2025-08-25 03:11:04', '2025-08-25 03:11:04'),
	(41, 89, 1, 'Confirmed', 'Status updated from Pending to Confirmed', NULL, '2025-08-25 03:12:11', '2025-08-25 03:12:11'),
	(42, 90, 1, 'Pending', 'Order placed with loyalty points redemption (100 points, 1 free coffee: Bannie, â‚±49.00)', NULL, '2025-08-25 03:16:02', '2025-08-25 03:16:02'),
	(45, 90, 1, 'Confirmed', 'Status updated from Pending to Confirmed', NULL, '2025-08-25 10:50:47', '2025-08-25 10:50:47'),
	(46, 92, 1, 'Pending', 'Order placed with loyalty points redemption (100 points, 1 free coffee: Bannie, â‚±49.00)', NULL, '2025-08-29 05:43:16', '2025-08-29 05:43:16'),
	(47, 93, 1, 'Pending', 'Order placed with 0 loyalty points earned from coffee items', NULL, '2025-08-30 11:34:22', '2025-08-30 11:34:22'),
	(48, 93, 1, 'Confirmed', 'Status updated from Pending to Confirmed', NULL, '2025-08-30 11:56:43', '2025-08-30 11:56:43'),
	(49, 92, 1, 'Confirmed', 'Status updated from Pending to Confirmed', NULL, '2025-08-30 11:56:46', '2025-08-30 11:56:46'),
	(50, 94, 1, 'Pending', 'Order placed with 36 loyalty points earned from coffee items', NULL, '2025-08-30 12:31:31', '2025-08-30 12:31:31'),
	(51, 95, 1, 'Pending', 'Order placed with loyalty points redemption (100 points, 1 free coffee: Bannie)', NULL, '2025-08-30 13:03:52', '2025-08-30 13:03:52'),
	(52, 96, 1, 'Pending', 'Order placed with loyalty points redemption (100 points, 1 free coffee: Bannie)', NULL, '2025-08-30 14:14:02', '2025-08-30 14:14:02'),
	(53, 96, 1, 'Cancelled', 'Status updated from Pending to Cancelled', NULL, '2025-08-30 14:15:18', '2025-08-30 14:15:18'),
	(54, 95, 1, 'Confirmed', 'Status updated from Pending to Confirmed', NULL, '2025-08-30 14:15:32', '2025-08-30 14:15:32'),
	(55, 95, 1, 'Processing', 'Status updated from Confirmed to Processing', NULL, '2025-08-30 14:15:37', '2025-08-30 14:15:37'),
	(56, 95, 1, 'Ready for Pickup', 'Status updated from Processing to Ready for Pickup', NULL, '2025-08-30 14:42:08', '2025-08-30 14:42:08'),
	(57, 94, 1, 'Confirmed', 'Status updated', NULL, '2025-08-30 14:50:31', '2025-08-30 14:50:31'),
	(58, 95, 1, 'Completed', 'Status updated from Ready for Pickup to Completed', NULL, '2025-08-30 14:58:26', '2025-08-30 14:58:26'),
	(59, 92, 1, 'Processing', 'Status updated from Confirmed to Processing', NULL, '2025-08-30 14:59:35', '2025-08-30 14:59:35'),
	(60, 94, 1, 'Cancelled', 'Status updated from Confirmed to Cancelled', NULL, '2025-08-30 15:00:31', '2025-08-30 15:00:31'),
	(61, 97, 1, 'Pending', 'Order placed with loyalty points redemption (100 points, 1 free coffee: Bannie)', NULL, '2025-08-30 15:02:05', '2025-08-30 15:02:05'),
	(66, 100, 3, 'Pending', 'Order placed with 19 loyalty points earned from coffee items', NULL, '2025-08-30 15:37:28', '2025-08-30 15:37:28'),
	(67, 101, 3, 'Pending', 'Order placed with 0 loyalty points earned from coffee items', NULL, '2025-08-30 15:48:45', '2025-08-30 15:48:45'),
	(68, 102, 3, 'Pending', 'Order placed with 14 loyalty points earned from coffee items', NULL, '2025-08-30 16:02:58', '2025-08-30 16:02:58'),
	(69, 103, 3, 'Pending', 'Order placed with 53 loyalty points earned from coffee items', NULL, '2025-08-31 06:17:10', '2025-08-31 06:17:10'),
	(70, 104, 3, 'Pending', 'Order placed with 24 loyalty points earned from coffee items', NULL, '2025-08-31 07:03:25', '2025-08-31 07:03:25'),
	(71, 105, 3, 'Pending', 'Order placed with 234 loyalty points earned from coffee items', NULL, '2025-08-31 08:28:28', '2025-08-31 08:28:28'),
	(72, 106, 3, 'Pending', 'Order placed with 19 loyalty points earned from coffee items', NULL, '2025-08-31 09:39:36', '2025-08-31 09:39:36'),
	(73, 107, 3, 'Pending', 'Order placed with loyalty points redemption (100 points, 1 free coffee: Java Chips)', NULL, '2025-08-31 09:45:19', '2025-08-31 09:45:19'),
	(74, 108, 3, 'Pending', 'Order placed with loyalty points redemption (100 points, 1 free coffee: White Mocha)', NULL, '2025-08-31 12:05:03', '2025-08-31 12:05:03'),
	(75, 108, 3, 'Confirmed', 'Status updated from Pending to Confirmed', NULL, '2025-08-31 14:04:30', '2025-08-31 14:04:30'),
	(76, 105, 3, 'Updated', 'Order information updated by customer', NULL, '2025-08-31 14:58:36', '2025-08-31 14:58:36'),
	(77, 108, 3, 'Updated', 'Order information updated by customer', NULL, '2025-08-31 14:58:48', '2025-08-31 14:58:48'),
	(78, 107, 3, 'Updated', 'Order information updated by customer', NULL, '2025-08-31 14:58:51', '2025-08-31 14:58:51'),
	(79, 107, 3, 'Updated', 'Order information updated by customer', NULL, '2025-08-31 15:49:23', '2025-08-31 15:49:23'),
	(80, 107, 3, 'Confirmed', 'Status updated from Pending to Confirmed', NULL, '2025-08-31 16:07:52', '2025-08-31 16:07:52'),
	(81, 109, 3, 'Pending', 'Order placed with 24 loyalty points earned from coffee items', NULL, '2025-08-31 16:22:24', '2025-08-31 16:22:24'),
	(82, 109, 3, 'Updated', 'Order information updated by customer', NULL, '2025-08-31 16:22:45', '2025-08-31 16:22:45'),
	(83, 103, 3, 'Confirmed', 'Status updated from Pending to Confirmed', NULL, '2025-08-31 16:23:37', '2025-08-31 16:23:37'),
	(84, 110, 18, 'Pending', 'Order placed with 24 loyalty points earned from coffee items', NULL, '2025-09-10 15:36:09', '2025-09-10 15:36:09'),
	(85, 110, 18, 'Updated', 'Order information updated by customer', NULL, '2025-09-10 15:37:04', '2025-09-10 15:37:04'),
	(86, 110, 18, 'Updated', 'Order information updated by customer', NULL, '2025-09-10 15:37:12', '2025-09-10 15:37:12'),
	(87, 107, 3, 'Processing', 'Status updated from Confirmed to Processing', NULL, '2025-09-10 16:08:15', '2025-09-10 16:08:15'),
	(88, 111, 1, 'Pending', 'Order placed with loyalty points redemption (100 points, 1 free coffee: Spanish Latte)', NULL, '2025-09-15 01:01:29', '2025-09-15 01:01:29'),
	(89, 110, 18, 'Confirmed', 'Status updated from Pending to Confirmed', NULL, '2025-09-15 13:53:17', '2025-09-15 13:53:17'),
	(90, 110, 18, 'Processing', 'Status updated from Confirmed to Processing', NULL, '2025-09-15 13:53:20', '2025-09-15 13:53:20'),
	(91, 110, 18, 'Ready for Pickup', 'Status updated from Processing to Ready for Pickup', NULL, '2025-09-15 13:54:01', '2025-09-15 13:54:01'),
	(92, 110, 18, 'Cancelled', 'Status updated from Ready for Pickup to Cancelled', NULL, '2025-09-15 13:54:04', '2025-09-15 13:54:04'),
	(93, 108, 3, 'Processing', 'Status updated from Confirmed to Processing', NULL, '2025-09-15 13:59:48', '2025-09-15 13:59:48'),
	(94, 108, 3, 'Ready for Delivery', 'Status updated from Processing to Ready for Delivery', NULL, '2025-09-15 13:59:58', '2025-09-15 13:59:58'),
	(95, 108, 3, 'Out for Delivery', 'Status updated from Ready for Delivery to Out for Delivery', NULL, '2025-09-15 14:00:04', '2025-09-15 14:00:04'),
	(96, 107, 3, 'Ready for Pickup', 'Status updated from Processing to Ready for Pickup', NULL, '2025-09-15 14:00:24', '2025-09-15 14:00:24'),
	(97, 111, 1, 'Confirmed', 'Status updated', NULL, '2025-09-15 14:19:28', '2025-09-15 14:19:28'),
	(98, 109, 3, 'Confirmed', 'Status updated from Pending to Confirmed', NULL, '2025-09-15 14:33:42', '2025-09-15 14:33:42'),
	(99, 105, 3, 'Confirmed', 'Status updated from Pending to Confirmed', NULL, '2025-09-15 14:34:24', '2025-09-15 14:34:24'),
	(100, 106, 3, 'Confirmed', 'Status updated from Pending to Confirmed', NULL, '2025-09-15 14:34:27', '2025-09-15 14:34:27'),
	(101, 104, 3, 'Confirmed', 'Status updated from Pending to Confirmed', NULL, '2025-09-15 14:34:32', '2025-09-15 14:34:32'),
	(102, 102, 3, 'Confirmed', 'Status updated from Pending to Confirmed', NULL, '2025-09-15 14:34:35', '2025-09-15 14:34:35'),
	(103, 112, 19, 'Pending', 'Order placed with 53 loyalty points earned from coffee items', NULL, '2025-09-16 01:54:40', '2025-09-16 01:54:40'),
	(104, 112, 19, 'Updated', 'Order information updated by customer', NULL, '2025-09-16 01:55:58', '2025-09-16 01:55:58'),
	(105, 113, 20, 'Pending', 'Order placed with 44 loyalty points earned from coffee items', NULL, '2025-09-16 01:58:06', '2025-09-16 01:58:06'),
	(106, 112, 19, 'Confirmed', 'Status updated', NULL, '2025-09-16 02:57:01', '2025-09-16 02:57:01'),
	(107, 112, 19, 'Processing', 'Status updated', NULL, '2025-09-16 02:57:21', '2025-09-16 02:57:21'),
	(108, 109, 3, 'Processing', 'Status updated', NULL, '2025-09-16 12:46:57', '2025-09-16 12:46:57'),
	(109, 109, 3, 'Ready for Pickup', 'Status updated', NULL, '2025-09-16 12:47:31', '2025-09-16 12:47:31'),
	(110, 109, 3, 'Completed', 'Status updated', NULL, '2025-09-16 12:48:05', '2025-09-16 12:48:05'),
	(111, 114, 1, 'Pending', 'Order placed with 0 loyalty points earned from coffee items', NULL, '2025-09-19 07:26:03', '2025-09-19 07:26:03'),
	(112, 115, 1, 'Pending', 'Order placed with loyalty points redemption (100 points, 1 free coffee: Bannie)', NULL, '2025-09-19 07:27:16', '2025-09-19 07:27:16'),
	(113, 113, 20, 'Confirmed', 'Status updated from Pending to Confirmed', NULL, '2025-09-28 12:31:14', '2025-09-28 12:31:14'),
	(114, 113, 20, 'Processing', 'Status updated from Confirmed to Processing', NULL, '2025-09-28 12:35:28', '2025-09-28 12:35:28'),
	(115, 114, 1, 'Confirmed', 'Status updated from Pending to Confirmed', NULL, '2025-09-28 12:36:10', '2025-09-28 12:36:10'),
	(116, 115, 1, 'Confirmed', 'Status updated from Pending to Confirmed', NULL, '2025-09-28 12:36:15', '2025-09-28 12:36:15'),
	(117, 112, 19, 'Ready for Delivery', 'Status updated from Processing to Ready for Delivery', NULL, '2025-09-28 12:40:36', '2025-09-28 12:40:36'),
	(118, 116, 1, 'Pending', 'Order placed with loyalty points redemption (100 points, 1 free coffee: Bannie)', NULL, '2025-09-28 22:42:43', '2025-09-28 22:42:43'),
	(119, 117, 1, 'Pending', 'Order placed with loyalty points redemption (100 points, 1 free coffee: Bannie)', NULL, '2025-09-28 23:03:20', '2025-09-28 23:03:20'),
	(120, 118, 1, 'Pending', 'Order placed with loyalty points redemption (100 points, 1 free coffee: Bannie)', NULL, '2025-09-28 23:26:01', '2025-09-28 23:26:01'),
	(121, 119, 1, 'Pending', 'Order placed with 24 loyalty points earned from coffee items', NULL, '2025-09-28 23:34:35', '2025-09-28 23:34:35'),
	(122, 120, 1, 'Pending', 'Order placed with loyalty points redemption (100 points, 1 free coffee: Spanish Latte)', NULL, '2025-09-29 03:36:08', '2025-09-29 03:36:08'),
	(123, 121, 1, 'Pending', 'Order placed with 24 loyalty points earned from coffee items', NULL, '2025-09-29 07:48:17', '2025-09-29 07:48:17'),
	(124, 122, 1, 'Pending', 'Order placed with loyalty points redemption (100 points, 1 free coffee: Bannie)', NULL, '2025-09-29 12:18:58', '2025-09-29 12:18:58'),
	(125, 123, 1, 'Pending', 'Order placed with 29 loyalty points earned from coffee items', NULL, '2025-09-29 15:40:03', '2025-09-29 15:40:03'),
	(126, 124, 1, 'Pending', 'Order placed with 19 loyalty points earned from coffee items', NULL, '2025-09-30 09:41:30', '2025-09-30 09:41:30'),
	(127, 115, 1, 'Processing', 'Status updated from Confirmed to Processing', NULL, '2025-09-30 10:14:29', '2025-09-30 10:14:29'),
	(128, 108, 3, 'Delivered', 'Status updated from Out for Delivery to Delivered', NULL, '2025-09-30 10:15:02', '2025-09-30 10:15:02'),
	(129, 108, 3, 'Returned', 'Status updated from Delivered to Returned', NULL, '2025-09-30 10:15:07', '2025-09-30 10:15:07'),
	(130, 108, 3, 'Completed', 'Status updated from Returned to Completed', NULL, '2025-09-30 10:15:23', '2025-09-30 10:15:23'),
	(131, 124, 1, 'Confirmed', 'Status updated from Pending to Confirmed', NULL, '2025-09-30 11:09:54', '2025-09-30 11:09:54'),
	(132, 123, 1, 'Confirmed', 'Status updated from Pending to Confirmed', NULL, '2025-09-30 11:09:57', '2025-09-30 11:09:57'),
	(133, 122, 1, 'Confirmed', 'Status updated from Pending to Confirmed', NULL, '2025-09-30 11:10:00', '2025-09-30 11:10:00'),
	(134, 121, 1, 'Confirmed', 'Status updated from Pending to Confirmed', NULL, '2025-09-30 11:10:05', '2025-09-30 11:10:05'),
	(135, 118, 1, 'Confirmed', 'Status updated from Pending to Confirmed', NULL, '2025-09-30 11:10:10', '2025-09-30 11:10:10'),
	(136, 119, 1, 'Confirmed', 'Status updated from Pending to Confirmed', NULL, '2025-09-30 11:10:12', '2025-09-30 11:10:12'),
	(137, 117, 1, 'Confirmed', 'Status updated from Pending to Confirmed', NULL, '2025-09-30 11:10:21', '2025-09-30 11:10:21'),
	(138, 120, 1, 'Confirmed', 'Status updated from Pending to Confirmed', NULL, '2025-09-30 11:10:25', '2025-09-30 11:10:25'),
	(139, 116, 1, 'Confirmed', 'Status updated from Pending to Confirmed', NULL, '2025-09-30 11:10:29', '2025-09-30 11:10:29'),
	(142, 124, 1, 'Processing', 'Status updated from Confirmed to Processing', NULL, '2025-10-01 03:48:21', '2025-10-01 03:48:21'),
	(143, 123, 1, 'Processing', 'Status updated from Confirmed to Processing', NULL, '2025-10-01 04:09:22', '2025-10-01 04:09:22'),
	(144, 123, 1, 'Ready for Pickup', 'Status updated from Processing to Ready for Pickup', NULL, '2025-10-01 04:09:26', '2025-10-01 04:09:26'),
	(145, 123, 1, 'Completed', 'Status updated from Ready for Pickup to Completed', NULL, '2025-10-01 04:09:29', '2025-10-01 04:09:29'),
	(146, 126, 1, 'Pending', 'Order placed with 234 loyalty points earned from coffee items', NULL, '2025-10-01 07:56:58', '2025-10-01 07:56:58'),
	(147, 127, 1, 'Pending', 'Order placed with loyalty points redemption (100 points, 1 free coffee: Bannie)', NULL, '2025-10-01 11:55:09', '2025-10-01 11:55:09'),
	(148, 127, 1, 'Cancelled', 'Status updated from Pending to Cancelled', NULL, '2025-10-01 12:01:32', '2025-10-01 12:01:32'),
	(149, 126, 1, 'Cancelled', 'Status updated from Pending to Cancelled', NULL, '2025-10-01 12:11:46', '2025-10-01 12:11:46'),
	(150, 128, 1, 'Pending', 'Order placed with 139 loyalty points earned (1 point per ₱10 of total order)', NULL, '2025-10-01 22:30:06', '2025-10-01 22:30:06'),
	(151, 128, 1, 'Updated', 'Order information updated by customer', NULL, '2025-10-01 22:32:54', '2025-10-01 22:32:54'),
	(152, 129, 1, 'Pending', 'Order placed with loyalty points redemption (100 points, 1 free coffee: Bannie)', NULL, '2025-10-01 23:08:55', '2025-10-01 23:08:55'),
	(153, 129, 1, 'Updated', 'Order information updated by customer', NULL, '2025-10-01 23:11:33', '2025-10-01 23:11:33'),
	(154, 129, 1, 'Updated', 'Order information updated by customer', NULL, '2025-10-01 23:14:29', '2025-10-01 23:14:29'),
	(155, 129, 1, 'Updated', 'Order information updated by customer', NULL, '2025-10-01 23:14:44', '2025-10-01 23:14:44'),
	(160, 128, 1, 'Confirmed', 'Status updated from Pending to Confirmed', NULL, '2025-10-01 23:42:40', '2025-10-01 23:42:40'),
	(161, 128, 1, 'Processing', 'Status updated from Confirmed to Processing', NULL, '2025-10-01 23:42:47', '2025-10-01 23:42:47'),
	(162, 128, 1, 'Cancelled', 'Status updated from Processing to Cancelled', NULL, '2025-10-01 23:42:56', '2025-10-01 23:42:56'),
	(163, 129, 1, 'Confirmed', 'Status updated from Pending to Confirmed', NULL, '2025-10-02 03:59:39', '2025-10-02 03:59:39'),
	(164, 129, 1, 'Processing', 'Status updated from Confirmed to Processing', NULL, '2025-10-02 03:59:41', '2025-10-02 03:59:41'),
	(165, 129, 1, 'Ready for Delivery', 'Status updated from Processing to Ready for Delivery', NULL, '2025-10-02 03:59:45', '2025-10-02 03:59:45'),
	(166, 129, 1, 'Out for Delivery', 'Status updated from Ready for Delivery to Out for Delivery', NULL, '2025-10-02 03:59:48', '2025-10-02 03:59:48'),
	(167, 129, 1, 'Delivered', 'Status updated from Out for Delivery to Delivered', NULL, '2025-10-02 03:59:51', '2025-10-02 03:59:51'),
	(168, 129, 1, 'Completed', 'Status updated from Delivered to Completed', NULL, '2025-10-02 03:59:55', '2025-10-02 03:59:55');

-- Dumping structure for table isladelcoffee.orderitems
CREATE TABLE IF NOT EXISTS `orderitems` (
  `orderitem_id` int NOT NULL AUTO_INCREMENT,
  `order_id` int NOT NULL,
  `product_id` int NOT NULL,
  `quantity` int NOT NULL,
  `price` decimal(10,2) NOT NULL,
  `size` varchar(50) CHARACTER SET utf8mb4 COLLATE utf8mb4_0900_ai_ci DEFAULT 'medium',
  PRIMARY KEY (`orderitem_id`) USING BTREE,
  KEY `order_id` (`order_id`) USING BTREE,
  KEY `product_id` (`product_id`) USING BTREE,
  CONSTRAINT `orderitems_ibfk_1` FOREIGN KEY (`order_id`) REFERENCES `order` (`order_id`),
  CONSTRAINT `orderitems_ibfk_2` FOREIGN KEY (`product_id`) REFERENCES `products` (`product_id`)
) ENGINE=InnoDB AUTO_INCREMENT=138 DEFAULT CHARSET=utf8mb4 COLLATE=utf8mb4_0900_ai_ci;

-- Dumping data for table isladelcoffee.orderitems: ~123 rows (approximately)
INSERT INTO `orderitems` (`orderitem_id`, `order_id`, `product_id`, `quantity`, `price`, `size`) VALUES
	(1, 86, 24, 3, 49.00, 'small'),
	(2, 86, 1, 4, 49.00, 'small'),
	(3, 86, 2, 4, 49.00, 'small'),
	(4, 86, 3, 3, 49.00, 'small'),
	(5, 86, 4, 3, 49.00, 'small'),
	(6, 86, 5, 7, 49.00, 'small'),
	(7, 87, 24, 2, 49.00, 'small'),
	(8, 87, 1, 7, 49.00, 'small'),
	(9, 88, 26, 4, 49.00, 'small'),
	(10, 88, 25, 6, 49.00, 'small'),
	(11, 88, 25, 3, 89.00, 'large'),
	(12, 88, 25, 4, 69.00, 'medium'),
	(13, 89, 26, 3, 49.00, 'small'),
	(14, 89, 25, 8, 49.00, 'small'),
	(15, 89, 24, 3, 49.00, 'small'),
	(16, 89, 1, 3, 49.00, 'small'),
	(17, 89, 1, 20, 89.00, 'large'),
	(18, 90, 26, 5, 49.00, 'small'),
	(19, 90, 25, 5, 49.00, 'small'),
	(20, 90, 24, 5, 49.00, 'small'),
	(21, 90, 1, 2, 49.00, 'small'),
	(22, 90, 3, 5, 49.00, 'small'),
	(23, 90, 2, 5, 49.00, 'small'),
	(24, 90, 4, 5, 49.00, 'small'),
	(25, 90, 5, 5, 49.00, 'small'),
	(26, 90, 6, 4, 49.00, 'small'),
	(27, 90, 4, 20, 89.00, 'large'),
	(34, 92, 26, 3, 49.00, 'small'),
	(35, 92, 25, 9, 49.00, 'small'),
	(36, 93, 26, 3, 49.00, 'small'),
	(37, 94, 26, 7, 49.00, 'small'),
	(38, 94, 1, 3, 49.00, 'small'),
	(39, 94, 2, 3, 49.00, 'small'),
	(40, 94, 2, 1, 69.00, 'medium'),
	(41, 95, 24, 3, 49.00, 'small'),
	(42, 95, 2, 3, 49.00, 'small'),
	(43, 95, 4, 3, 49.00, 'small'),
	(44, 96, 26, 2, 49.00, 'small'),
	(45, 96, 25, 6, 49.00, 'small'),
	(46, 96, 24, 3, 49.00, 'small'),
	(47, 96, 1, 3, 49.00, 'small'),
	(48, 97, 26, 3, 49.00, 'small'),
	(49, 97, 25, 4, 49.00, 'small'),
	(50, 97, 24, 4, 49.00, 'small'),
	(53, 100, 25, 4, 49.00, 'small'),
	(54, 100, 26, 6, 49.00, 'small'),
	(55, 101, 26, 8, 49.00, 'small'),
	(56, 102, 25, 3, 49.00, 'small'),
	(57, 103, 25, 11, 49.00, 'small'),
	(58, 104, 24, 5, 49.00, 'small'),
	(59, 105, 25, 2, 49.00, 'small'),
	(60, 105, 24, 12, 49.00, 'small'),
	(61, 105, 24, 14, 99.00, 'large'),
	(62, 105, 24, 4, 69.00, 'medium'),
	(63, 106, 26, 3, 49.00, 'small'),
	(64, 106, 25, 4, 49.00, 'small'),
	(65, 107, 2, 7, 49.00, 'small'),
	(66, 107, 3, 7, 49.00, 'small'),
	(67, 108, 5, 6, 49.00, 'small'),
	(68, 109, 26, 3, 49.00, 'small'),
	(69, 109, 25, 3, 49.00, 'small'),
	(70, 109, 24, 2, 49.00, 'small'),
	(71, 110, 25, 5, 49.00, 'small'),
	(72, 110, 26, 3, 49.00, 'small'),
	(73, 111, 1, 3, 49.00, 'small'),
	(74, 111, 2, 3, 49.00, 'small'),
	(75, 112, 25, 3, 49.00, 'small'),
	(76, 112, 26, 3, 49.00, 'small'),
	(77, 112, 24, 2, 49.00, 'small'),
	(78, 112, 5, 3, 49.00, 'small'),
	(79, 112, 4, 3, 49.00, 'small'),
	(80, 113, 1, 2, 49.00, 'small'),
	(81, 113, 2, 2, 49.00, 'small'),
	(82, 113, 3, 3, 49.00, 'small'),
	(83, 113, 4, 3, 49.00, 'small'),
	(84, 113, 5, 2, 49.00, 'small'),
	(85, 113, 6, 4, 69.00, 'medium'),
	(86, 113, 6, 6, 49.00, 'small'),
	(87, 113, 6, 3, 88.99, 'large'),
	(88, 114, 3, 2, 49.00, 'small'),
	(89, 114, 6, 2, 49.00, 'small'),
	(90, 114, 6, 4, 88.99, 'large'),
	(91, 115, 25, 4, 49.00, 'small'),
	(92, 115, 26, 2, 49.00, 'small'),
	(93, 115, 1, 1, 49.00, 'small'),
	(94, 115, 4, 1, 49.00, 'small'),
	(95, 116, 26, 3, 49.00, 'small'),
	(96, 116, 25, 5, 49.00, 'small'),
	(97, 116, 25, 4, 89.00, 'large'),
	(98, 117, 26, 4, 49.00, 'small'),
	(99, 117, 25, 4, 49.00, 'small'),
	(100, 118, 25, 3, 49.00, 'small'),
	(101, 118, 26, 4, 49.00, 'small'),
	(102, 118, 1, 2, 49.00, 'small'),
	(103, 118, 24, 3, 49.00, 'small'),
	(104, 118, 3, 2, 49.00, 'small'),
	(105, 118, 2, 3, 49.00, 'small'),
	(106, 119, 4, 2, 49.00, 'small'),
	(107, 119, 5, 3, 49.00, 'small'),
	(108, 119, 13, 7, 39.00, 'small'),
	(109, 119, 18, 6, 39.00, 'small'),
	(110, 120, 1, 3, 49.00, 'small'),
	(111, 120, 6, 4, 49.00, 'small'),
	(112, 121, 26, 4, 49.00, 'small'),
	(113, 121, 25, 5, 49.00, 'small'),
	(114, 122, 26, 3, 49.00, 'small'),
	(115, 122, 25, 3, 49.00, 'small'),
	(116, 122, 24, 3, 49.00, 'small'),
	(117, 122, 1, 3, 49.00, 'small'),
	(118, 123, 1, 2, 49.00, 'small'),
	(119, 123, 24, 4, 49.00, 'small'),
	(120, 124, 26, 3, 49.00, 'small'),
	(121, 124, 25, 4, 49.00, 'small'),
	(124, 126, 25, 6, 49.00, 'small'),
	(125, 126, 25, 23, 89.00, 'large'),
	(126, 127, 26, 3, 49.00, 'small'),
	(127, 127, 25, 4, 49.00, 'small'),
	(128, 127, 4, 4, 49.00, 'small'),
	(129, 127, 5, 5, 49.00, 'small'),
	(130, 128, 26, 5, 49.00, 'small'),
	(131, 128, 26, 5, 69.00, 'medium'),
	(132, 128, 26, 9, 89.00, 'large'),
	(133, 129, 25, 5, 49.00, 'small');

-- Dumping structure for table isladelcoffee.products
CREATE TABLE IF NOT EXISTS `products` (
  `product_id` int NOT NULL AUTO_INCREMENT,
  `name` varchar(255) NOT NULL,
  `type` varchar(50) NOT NULL,
  `subtype` varchar(50) NOT NULL,
  `image` varchar(255) NOT NULL,
  `description` text NOT NULL,
  `temperature` varchar(50) NOT NULL,
  `rating` decimal(3,2) NOT NULL,
  `reviews` int DEFAULT NULL,
  `caffeine_level` varchar(50) NOT NULL,
  `small_price` decimal(10,2) NOT NULL,
  `medium_price` decimal(10,2) NOT NULL,
  `large_price` decimal(10,2) NOT NULL,
  `small_quantity` int NOT NULL DEFAULT '10',
  `medium_quantity` int NOT NULL DEFAULT '10',
  `large_quantity` int NOT NULL DEFAULT '10',
  `total_stock` int GENERATED ALWAYS AS (((`small_quantity` + `medium_quantity`) + `large_quantity`)) VIRTUAL,
  `low_stock_threshold` int DEFAULT '5',
  `created_at` timestamp NULL DEFAULT CURRENT_TIMESTAMP,
  `updated_at` timestamp NULL DEFAULT CURRENT_TIMESTAMP ON UPDATE CURRENT_TIMESTAMP,
  `status` enum('active','inactive') NOT NULL DEFAULT 'active',
  PRIMARY KEY (`product_id`),
  KEY `idx_low_stock` (`status`,`total_stock`,`low_stock_threshold`)
) ENGINE=InnoDB AUTO_INCREMENT=27 DEFAULT CHARSET=utf8mb4 COLLATE=utf8mb4_0900_ai_ci;

-- Dumping data for table isladelcoffee.products: ~23 rows (approximately)
INSERT INTO `products` (`product_id`, `name`, `type`, `subtype`, `image`, `description`, `temperature`, `rating`, `reviews`, `caffeine_level`, `small_price`, `medium_price`, `large_price`, `small_quantity`, `medium_quantity`, `large_quantity`, `low_stock_threshold`, `created_at`, `updated_at`, `status`) VALUES
	(1, 'Spanish Latte', 'coffee', 'premium', 'SpanishLatte.jpg', 'A luscious combination of bold espresso, creamy milk, and a hint of sweetness, served over ice.', 'iced', 4.90, 372, 'medium', 49.00, 69.00, 89.00, 894, 20, 0, 5, '2025-03-31 13:43:47', '2025-10-01 23:38:06', 'active'),
	(2, 'Java Chips', 'coffee', 'premium', 'JavaChips.jpg', 'A deliciously indulgent blend of rich coffee, chocolate chips, and creamy milk, all served over ice.', 'iced', 4.90, 350, 'medium-high', 49.00, 69.00, 89.00, 947, 20, 20, 5, '2025-03-31 13:43:47', '2025-09-28 23:26:01', 'active'),
	(3, 'Ube Taro', 'milk', 'signature', 'UbeTaro.jpg', 'A creamy and refreshing blend of sweet ube and taro, mixed with smooth milk and served over ice.', 'iced', 4.90, 220, 'none', 49.00, 69.00, 89.00, 42, 20, 20, 5, '2025-03-31 13:43:47', '2025-09-28 23:26:01', 'active'),
	(4, 'Caramel Latte', 'coffee', 'premium', 'CaramelLatte.jpg', 'Smooth espresso paired with creamy milk and sweet caramel syrup, served over ice.', 'iced', 4.80, 240, 'medium', 49.00, 69.00, 89.00, 99982, 99999, 99979, 5, '2025-03-31 13:43:47', '2025-10-01 12:01:32', 'active'),
	(5, 'White Mocha', 'coffee', 'premium', 'WhiteMocha.jpg', 'A delightful mix of bold espresso, creamy milk, and sweet white chocolate syrup, served over ice.', 'iced', 4.80, 230, 'medium-high', 49.00, 69.00, 89.00, 974, 2000, 2000, 5, '2025-03-31 13:43:47', '2025-10-01 12:01:32', 'active'),
	(6, 'Strawberry Matcha', 'matcha', 'premium blend', 'StrawberryMatcha.jpg', 'A delightful fusion of sweet strawberry, earthy matcha green tea, and creamy milk, served over ice.', 'iced', 4.80, 215, 'medium', 49.00, 69.00, 88.99, 54, 16, 13, 5, '2025-03-31 13:43:47', '2025-09-29 03:36:08', 'active'),
	(7, 'Einspanner Latte', 'coffee', 'premium', 'EinspannerLatte.jpg', 'A bold espresso paired with chilled milk, topped with a thick layer of whipped cream, and served over ice.', 'iced', 4.70, 225, 'medium', 49.00, 69.00, 89.00, 997, 20, 20, 5, '2025-03-31 13:43:47', '2025-06-06 06:53:06', 'active'),
	(8, 'Matcha Espresso', 'matcha', 'premium blend', 'MatchaEspresso.jpg', 'A bold combination of smooth espresso and rich matcha green tea, blended with creamy milk and served over ice.', 'iced', 4.70, 240, 'high', 49.00, 69.00, 89.00, 10, 20, 20, 5, '2025-03-31 13:43:47', '2025-05-21 18:15:33', 'active'),
	(9, 'Cocoa Berry', 'milk', 'premium', 'CocoaBerry.jpg', 'A delicious fusion of rich cocoa and sweet strawberry jam, blended with creamy milk and served over ice.', 'iced', 4.70, 250, 'low', 39.00, 59.00, 79.00, 10, 20, 20, 5, '2025-03-31 13:43:47', '2025-04-27 09:21:47', 'active'),
	(10, 'Matcha Latte', 'matcha', 'ceremonial grade', 'MatchaLatte.jpg', 'A refreshing blend of premium matcha green tea and creamy milk, served over ice.', 'iced', 4.60, 210, 'medium', 49.00, 69.00, 89.00, 7, 20, 20, 5, '2025-03-31 13:43:47', '2025-06-06 06:53:06', 'active'),
	(11, 'Merry Matcha', 'matcha', 'ceremonial grade', 'MerryMatcha.jpg', 'A refreshing blend of premium matcha green tea and creamy milk, served over ice and topped with a velvety layer of foam.', 'iced', 4.59, 345, 'medium', 49.00, 69.00, 89.00, 100, 100, 100, 5, '2025-03-31 13:43:47', '2025-08-24 11:38:38', 'active'),
	(12, 'Strawberry', 'milk', 'classic', 'Strawberry.jpg', 'A sweet and creamy blend of fresh strawberry jam and smooth milk, served over ice.', 'iced', 4.60, 358, 'none', 49.00, 69.00, 89.00, 10, 20, 20, 5, '2025-03-31 13:43:47', '2025-08-24 11:38:17', 'active'),
	(13, 'Purple Lemonade', 'juice', 'signature', 'PurpleLemonade.jpg', 'A refreshing and tangy blend of zesty lemon and vibrant red tea, served over ice.', 'iced', 4.60, 340, 'low', 39.00, 59.00, 79.00, 993, 20, 20, 5, '2025-03-31 13:43:47', '2025-09-28 23:34:35', 'active'),
	(14, 'Dark Cocoa', 'milk', 'premium', 'DarkCocoa.jpg', 'A rich and indulgent blend of smooth dark cocoa and creamy milk, served over ice.', 'iced', 4.00, 220, 'low', 49.00, 69.00, 89.00, 10, 20, 20, 5, '2025-03-31 13:43:47', '2025-04-27 09:21:47', 'active'),
	(15, 'Americano', 'coffee', 'premium', 'Americano.jpg', 'Bold and invigorating, this classic drink combines rich espresso with chilled water and ice for a refreshing, smooth, and energizing coffee experience.', 'iced', 4.23, 240, 'high', 49.00, 69.00, 89.00, 99999, 10000, 10000, 5, '2025-03-31 13:43:47', '2025-08-21 03:22:22', 'active'),
	(16, 'Vanilla Latte', 'coffee', 'premium', 'VanillaLatte.jpg', 'A refreshing blend of smooth espresso, creamy milk, and a touch of sweet vanilla syrup, served over ice.', 'iced', 4.22, 235, 'medium', 49.00, 69.00, 89.00, 10, 20, 20, 5, '2025-03-31 13:43:47', '2025-05-22 22:47:02', 'active'),
	(17, 'Cafe Latte', 'coffee', 'premium', 'CafeLatte.jpg', 'A classic blend of rich espresso and creamy milk, served over ice for a smooth and refreshing coffee experience.', 'iced', 4.11, 250, 'medium', 49.00, 69.00, 89.00, 99999, 99999, 99999, 5, '2025-03-31 13:43:47', '2025-08-11 11:33:49', 'active'),
	(18, 'Pink Lychee', 'juice', 'signature', 'PinkLychee.jpg', 'A refreshing mix of tangy lemonade and sweet lychee, served over ice.', 'iced', 4.10, 230, 'none', 39.00, 59.00, 79.00, 99993, 99999, 99999, 5, '2025-03-31 13:43:47', '2025-09-28 23:34:35', 'active'),
	(19, 'Cappuccino', 'hot', 'premium', 'Cappuccino.jpg', 'A classic espresso-based drink with equal parts rich espresso, creamy steamed milk, and light foam on top.', 'hot', 4.10, 240, 'medium-high', 39.00, 59.00, 79.00, 10, 20, 20, 5, '2025-03-31 13:43:47', '2025-04-27 09:21:47', 'active'),
	(20, 'Creamy Cocoa', 'hot', 'premium', 'CreamyCocoa.jpg', 'A rich and velvety blend of smooth cocoa and creamy milk, perfectly heated to offer a warm and indulgent treat.', 'hot', 4.10, 225, 'low', 39.00, 59.00, 79.00, 10, 20, 20, 5, '2025-03-31 13:43:47', '2025-04-27 09:21:47', 'active'),
	(24, 'Bannie', 'hot', 'premium', 'Blog1.jpg', 'HANDSOME', 'hot', 5.00, 1000, 'high', 49.00, 69.00, 99.00, 99949, 99995, 99985, 10000, '2025-05-21 03:05:28', '2025-10-01 23:38:06', 'active'),
	(25, 'Bannie', 'hot', 'premium', 'bannie.jpg', 'ok', 'hot', 5.00, 250, 'medium-high', 49.00, 69.00, 89.00, 9903, 99999, 99995, 10000, '2025-08-11 10:35:53', '2025-10-01 23:38:06', 'active'),
	(26, 'ate Gail', 'milk', 'premium blend', 'IslaDelCafeAteGail_1.jpg', 'ok', 'iced', 5.00, 500, 'high', 49.00, 69.00, 89.00, 9927, 10000, 10000, 10000, '2025-08-13 14:55:39', '2025-10-01 23:42:56', 'active');

-- Dumping structure for table isladelcoffee.profile
CREATE TABLE IF NOT EXISTS `profile` (
  `profile_id` int NOT NULL AUTO_INCREMENT,
  `user_id` int DEFAULT NULL,
  `profileicon` varchar(255) CHARACTER SET utf8mb4 COLLATE utf8mb4_0900_ai_ci DEFAULT NULL,
  `firstname` varchar(50) CHARACTER SET utf8mb4 COLLATE utf8mb4_0900_ai_ci DEFAULT NULL,
  `middlename` varchar(50) CHARACTER SET utf8mb4 COLLATE utf8mb4_0900_ai_ci DEFAULT NULL,
  `lastname` varchar(50) CHARACTER SET utf8mb4 COLLATE utf8mb4_0900_ai_ci DEFAULT NULL,
  `phone` varchar(20) CHARACTER SET utf8mb4 COLLATE utf8mb4_0900_ai_ci DEFAULT NULL,
  `address` text CHARACTER SET utf8mb4 COLLATE utf8mb4_0900_ai_ci,
  `email` varchar(100) CHARACTER SET utf8mb4 COLLATE utf8mb4_0900_ai_ci DEFAULT NULL,
  `city` varchar(50) CHARACTER SET utf8mb4 COLLATE utf8mb4_0900_ai_ci DEFAULT NULL,
  `zipcode` varchar(10) CHARACTER SET utf8mb4 COLLATE utf8mb4_0900_ai_ci DEFAULT NULL,
  `loyalty_points` int DEFAULT '0',
  `loyalty_points_used` int DEFAULT '0',
  `created_at` timestamp NULL DEFAULT CURRENT_TIMESTAMP,
  `updated_at` timestamp NULL DEFAULT CURRENT_TIMESTAMP ON UPDATE CURRENT_TIMESTAMP,
  PRIMARY KEY (`profile_id`) USING BTREE,
  UNIQUE KEY `email` (`email`),
  KEY `user_id` (`user_id`) USING BTREE,
  CONSTRAINT `profile_email_fk` FOREIGN KEY (`email`) REFERENCES `user` (`email`) ON DELETE SET NULL ON UPDATE CASCADE,
  CONSTRAINT `profile_ibfk_1` FOREIGN KEY (`user_id`) REFERENCES `user` (`user_id`)
) ENGINE=InnoDB AUTO_INCREMENT=18 DEFAULT CHARSET=utf8mb4 COLLATE=utf8mb4_0900_ai_ci;

-- Dumping data for table isladelcoffee.profile: ~15 rows (approximately)
INSERT INTO `profile` (`profile_id`, `user_id`, `profileicon`, `firstname`, `middlename`, `lastname`, `phone`, `address`, `email`, `city`, `zipcode`, `loyalty_points`, `loyalty_points_used`, `created_at`, `updated_at`) VALUES
	(1, 1, '../Uploads/profile/68daa0d480934-bannie.jpg', 'Bansimplified', 'Villariaza', 'Bringcola', '09876543211', 'Pandan Sibonga Cebu', 'bansimplified567@gmail.com', 'Cebu', '6021', 255466, 0, '2025-05-24 15:54:28', '2025-10-01 23:31:02'),
	(3, 3, '../uploads/profile/68b319cad25ed-Gantt_Chart_IslaCafe.png', 'Gail', '', 'bringcols', '09460945946', 'Pandan Sibonga Cebu', 'bannie@gmail.com', 'Cebu', '6021', 253, 0, '2025-05-24 16:12:28', '2025-08-31 16:22:24'),
	(4, 4, '', 'Jade Ivan', 'Villariaza', 'Bringcola', '09460945946', 'Pandan Sibonga Cebu', 'nani567@gmail.com', 'Cebu', '6020', 0, 0, '2025-05-26 12:10:19', '2025-05-27 14:33:47'),
	(5, 5, 'uploads/profile/6899e65db617d-bannie.jpg', 'Bannie', 'banban', 'bringcols', '09460945946', 'Pandan Sibonga Cebu', 'staff567@gmail.com', 'Cebu', '6020', NULL, 0, '2025-05-28 15:52:56', '2025-08-11 12:47:25'),
	(6, 6, '', NULL, NULL, NULL, NULL, NULL, 'staff001@gmail.com', NULL, NULL, NULL, 0, '2025-05-28 15:56:42', '2025-05-28 15:56:42'),
	(7, 7, '../uploads/profile/689ca25594bbb-bannie.jpg', 'bannie', 'bannie', 'bannie', '09876543212', 'Cebu', 'ivanjade001@gmail.com', 'CEbu', '6021', NULL, 0, '2025-05-29 13:41:30', '2025-08-13 14:34:00'),
	(8, 9, NULL, 'Jade Ivan', 'Villariaza', 'Bringcola', '09460945946', 'Pandan Sibonga Cebu', 'test@gmail.com', 'Cebu', '6021', 2, 0, '2025-06-01 03:24:13', '2025-06-11 01:48:40'),
	(9, 10, 'uploads/profile/684a2cc172749-banban.jpg', 'Jade Ivan', 'Villariaza', 'Bringcola', '09460945946', 'Pandan Sibonga Cebu', 'navie567@gmail.com', 'Cebu', '6021', NULL, 0, '2025-06-08 09:51:37', '2025-06-12 01:26:25'),
	(10, 11, '', NULL, NULL, NULL, NULL, NULL, 'bannie001@gmail.com', NULL, NULL, 0, 0, '2025-06-10 00:30:06', '2025-06-10 00:30:06'),
	(11, 12, '', NULL, NULL, NULL, NULL, NULL, 'bani@gmail.com', NULL, NULL, 0, 0, '2025-08-10 02:04:09', '2025-08-10 02:04:09'),
	(12, 13, '', 'Bannie', 'banban', 'bringcols', '+639460945946', 'Pandan Sibonga Cebu', 'Manager@gmail.com', 'Cebu', '6020', NULL, 0, '2025-08-13 11:41:01', '2025-09-15 14:36:38'),
	(13, 18, '../uploads/profile/68c19b0f9ac16-Gantt_Chart_IslaCafe.png', 'Bannie', '', 'bringcols', '09460945946', 'Pandan Sibonga Cebu', 'jade001@gmail.com', 'Cebu', '6021', 24, 0, '2025-09-10 14:54:33', '2025-09-16 01:27:29'),
	(14, 19, '', 'Bannie', '', 'bringcols', '09460945946', 'Pandan Sibonga Cebu', 'User001@gmail.com', 'Cebu', '6020', 53, 0, '2025-09-15 11:06:55', '2025-09-16 01:55:33'),
	(15, 20, '', NULL, NULL, NULL, NULL, NULL, 'User002@gmail.com', NULL, NULL, 44, 0, '2025-09-15 11:14:56', '2025-09-16 01:58:06'),
	(16, 21, NULL, 'Bannie', 'banban', 'bringcols', '09460945946', 'Pandan Sibonga Cebu', 'User003@gmail.com', 'Cebu', '6020', 0, 0, '2025-09-15 11:49:18', '2025-09-15 11:49:18'),
	(17, 25, '', 'Banban', '', 'Bringcola', '09554698274', 'Sulod sa Carcar Likud sa Simbahan', 'banban001@gmail.com', 'Carcar', '6021', 0, 0, '2025-09-29 12:33:09', '2025-09-29 15:03:07');

-- Dumping structure for table isladelcoffee.secretquestion
CREATE TABLE IF NOT EXISTS `secretquestion` (
  `security_id` int NOT NULL AUTO_INCREMENT,
  `question` text CHARACTER SET utf8mb4 COLLATE utf8mb4_0900_ai_ci NOT NULL,
  PRIMARY KEY (`security_id`) USING BTREE
) ENGINE=InnoDB AUTO_INCREMENT=6 DEFAULT CHARSET=utf8mb4 COLLATE=utf8mb4_0900_ai_ci;

-- Dumping data for table isladelcoffee.secretquestion: ~5 rows (approximately)
INSERT INTO `secretquestion` (`security_id`, `question`) VALUES
	(1, 'WHAT WAS YOUR DREAM JOB AS A CHILD?'),
	(2, 'WHAT WAS THE FIRST SECRET YOU KEPT AS A CHILD?'),
	(3, 'WHAT IS THE NAME OF YOUR CHILDHOOD BEST FRIEND?'),
	(4, 'WHO IS YOUR CHILDHOOD HERO?'),
	(5, 'WHAT IS THE NICKNAME ONLY ONE PERSON EVER CALLED YOU?');

-- Dumping structure for table isladelcoffee.user
CREATE TABLE IF NOT EXISTS `user` (
  `user_id` int NOT NULL AUTO_INCREMENT,
  `fullname` varchar(100) CHARACTER SET utf8mb4 COLLATE utf8mb4_0900_ai_ci NOT NULL,
  `username` varchar(50) CHARACTER SET utf8mb4 COLLATE utf8mb4_0900_ai_ci NOT NULL,
  `password` varchar(255) CHARACTER SET utf8mb4 COLLATE utf8mb4_0900_ai_ci NOT NULL,
  `email` varchar(100) CHARACTER SET utf8mb4 COLLATE utf8mb4_0900_ai_ci NOT NULL,
  `role` enum('admin','staff','manager','customer') CHARACTER SET utf8mb4 COLLATE utf8mb4_0900_ai_ci NOT NULL DEFAULT 'customer',
  `status` enum('active','inactive') CHARACTER SET utf8mb4 COLLATE utf8mb4_0900_ai_ci NOT NULL DEFAULT 'active',
  `security_id_1` int DEFAULT NULL,
  `answer_1` varchar(255) CHARACTER SET utf8mb4 COLLATE utf8mb4_0900_ai_ci DEFAULT NULL,
  `security_id_2` int DEFAULT NULL,
  `answer_2` varchar(255) CHARACTER SET utf8mb4 COLLATE utf8mb4_0900_ai_ci DEFAULT NULL,
  `security_id_3` int DEFAULT NULL,
  `answer_3` varchar(255) CHARACTER SET utf8mb4 COLLATE utf8mb4_0900_ai_ci DEFAULT NULL,
  `security_id_4` int DEFAULT NULL,
  `answer_4` varchar(255) CHARACTER SET utf8mb4 COLLATE utf8mb4_0900_ai_ci DEFAULT NULL,
  `security_id_5` int DEFAULT NULL,
  `answer_5` varchar(255) CHARACTER SET utf8mb4 COLLATE utf8mb4_0900_ai_ci DEFAULT NULL,
  `token` varchar(255) CHARACTER SET utf8mb4 COLLATE utf8mb4_0900_ai_ci DEFAULT NULL,
  `token_expired` timestamp NULL DEFAULT NULL,
  `blocked_at` timestamp NULL DEFAULT NULL COMMENT 'Date/time when user was blocked',
  `failed_attempts` int NOT NULL DEFAULT '0',
  `created_at` timestamp NULL DEFAULT CURRENT_TIMESTAMP,
  `updated_at` timestamp NULL DEFAULT CURRENT_TIMESTAMP ON UPDATE CURRENT_TIMESTAMP,
  PRIMARY KEY (`user_id`) USING BTREE,
  UNIQUE KEY `username` (`username`) USING BTREE,
  UNIQUE KEY `email` (`email`) USING BTREE,
  UNIQUE KEY `unique_answer_1` (`answer_1`) USING BTREE,
  UNIQUE KEY `unique_answer_2` (`answer_2`) USING BTREE,
  UNIQUE KEY `unique_answer_3` (`answer_3`) USING BTREE,
  UNIQUE KEY `unique_answer_4` (`answer_4`) USING BTREE,
  UNIQUE KEY `unique_answer_5` (`answer_5`) USING BTREE,
  KEY `security_id_1` (`security_id_1`) USING BTREE,
  KEY `security_id_2` (`security_id_2`) USING BTREE,
  KEY `security_id_3` (`security_id_3`) USING BTREE,
  KEY `security_id_4` (`security_id_4`) USING BTREE,
  KEY `security_id_5` (`security_id_5`) USING BTREE,
  CONSTRAINT `user_ibfk_1` FOREIGN KEY (`security_id_1`) REFERENCES `secretquestion` (`security_id`),
  CONSTRAINT `user_ibfk_2` FOREIGN KEY (`security_id_2`) REFERENCES `secretquestion` (`security_id`),
  CONSTRAINT `user_ibfk_3` FOREIGN KEY (`security_id_3`) REFERENCES `secretquestion` (`security_id`),
  CONSTRAINT `user_ibfk_4` FOREIGN KEY (`security_id_4`) REFERENCES `secretquestion` (`security_id`),
  CONSTRAINT `user_ibfk_5` FOREIGN KEY (`security_id_5`) REFERENCES `secretquestion` (`security_id`)
) ENGINE=InnoDB AUTO_INCREMENT=26 DEFAULT CHARSET=utf8mb4 COLLATE=utf8mb4_0900_ai_ci;

-- Dumping data for table isladelcoffee.user: ~16 rows (approximately)
INSERT INTO `user` (`user_id`, `fullname`, `username`, `password`, `email`, `role`, `status`, `security_id_1`, `answer_1`, `security_id_2`, `answer_2`, `security_id_3`, `answer_3`, `security_id_4`, `answer_4`, `security_id_5`, `answer_5`, `token`, `token_expired`, `blocked_at`, `failed_attempts`, `created_at`, `updated_at`) VALUES
	(1, 'Bansimplified Villariaza Bringcola', 'BanSimplified', '$2y$10$BNJXfZ1jOd5n1XcEzdkdROa/dondEf6prnRzvUaSR4vr8.zJcs/ma', 'bansimplified567@gmail.com', 'customer', 'active', 1, '2', 2, '2', 3, '2', 4, '2', 5, '2', 'eyJ0eXAiOiJKV1QiLCJhbGciOiJIUzI1NiJ9.eyJzdWIiOjEsInJvbGUiOiJjdXN0b21lciIsInVzZXJuYW1lIjoiQmFuU2ltcGxpZmllZCIsImlhdCI6MTc1OTM2MjE4NiwiZXhwIjoxNzYxOTU0MTg2fQ.wLVVorBaNR1yriRBBk_lEiUq7xRNAPIRUMsxRIKK4bI', '2025-10-31 15:43:06', NULL, 0, '2025-05-24 15:54:28', '2025-10-01 23:43:06'),
	(3, 'Bannie567', 'Gail567', '$2y$10$qpuIlIA/mOr.SdHDFvv0W.2V6IMxt/tDlUQhIhTrDI7FubJR0n/PS', 'bannie@gmail.com', 'customer', 'active', 1, '3', 2, '3', 3, '3', 4, '3', 5, '3', '4147b2ed371b5c092df8725f7c6e635daf6f8e2782ef526d85fc6e54b0688d64', '2025-09-30 10:34:10', NULL, 0, '2025-05-24 16:12:28', '2025-08-31 16:34:10'),
	(4, 'Bannie567', 'nani567', '$2y$10$EGbbhy0qmG8xmTfmVdFJludY8qvxgp0A1BAKBT60k4a.Gbxf7W.Sy', 'nani567@gmail.com', 'customer', 'active', 1, '4', 2, '4', 3, '4', 4, '4', 5, '4', 'b20f324d8e4afb341353bb709fab0e267217aeae72d6859948356c8783f16764', '2025-05-27 06:10:19', NULL, 0, '2025-05-26 12:10:19', '2025-05-26 12:10:19'),
	(5, 'bannie', 'staff', '$2y$10$EfjNthzuY6BDkGrlSJQpeeGgotTpgFvCdPBMb9StfEHpmR558l8eC', 'staff567@gmail.com', 'staff', 'active', 1, '5', 2, '5', 3, '5', 4, '5', 5, '5', NULL, NULL, NULL, 0, '2025-05-28 15:52:56', '2025-09-30 10:30:56'),
	(6, 'Bannie', 'Staff567', '$2y$10$7vmanr8Le685vXxCVrCjqe6lg20rYAvymr0a8GahTZNH0Ok110KBi', 'staff001@gmail.com', 'staff', 'active', 1, '6', 2, '6', 3, '6', 4, '6', 5, '6', NULL, NULL, NULL, 0, '2025-05-28 15:56:42', '2025-08-30 14:51:36'),
	(7, 'Jade Ivan Villariaza Bringcola', 'Admin567', '$2y$10$QhwvdEXLi8B0mzkh/SPCqe.PnJkroEFRfc0OuueDBp9t7ARXfmAg.', 'ivanjade001@gmail.com', 'admin', 'active', 1, '7', 2, '7', 3, '7', 4, '7', 5, '7', 'eyJ0eXAiOiJKV1QiLCJhbGciOiJIUzI1NiJ9.eyJzdWIiOjcsInJvbGUiOiJhZG1pbiIsInVzZXJuYW1lIjoiQWRtaW41NjciLCJpYXQiOjE3NTkzNzU0ODcsImV4cCI6MTc1OTQ2MTg4N30.azU5UFkawMZqI57UR3kZbpekOgyf7JYKjAbvRHy6Rvo', '2025-10-02 19:24:47', NULL, 0, '2025-05-29 13:41:30', '2025-10-02 03:24:47'),
	(9, 'Bannie567', 'Banni567', '$2y$10$7mLELhWaUIDgnFhetHyUzuJ3SR5t0OI4i080T1BBNoSdUKWi/7ZPC', 'test@gmail.com', 'customer', 'active', 1, '8', 2, '8', 3, '8', 4, '8', 5, '8', NULL, NULL, NULL, 0, '2025-06-01 03:24:13', '2025-06-12 01:09:09'),
	(10, 'Jade Ivan Villariaza Bringcola', 'navi567', '$2y$10$CxNy4jQ0F6ii/PnfsMeJWenhTcChr5HzXhkBaErtyot0RJWJrT6me', 'navie567@gmail.com', 'admin', 'active', 1, '10', 2, '10', 3, '10', 4, '10', 5, '10', NULL, NULL, NULL, 0, '2025-06-08 09:51:37', '2025-06-12 01:36:24'),
	(11, 'Bannie567', 'banni001', '$2y$10$ss9peS1KXMmFB5Ml.XtOoO.jqBSZqHULKhwvtUwt./.r.PanZEnfe', 'bannie001@gmail.com', 'customer', 'active', 1, '12', 2, '12', 3, '12', 4, '12', 5, '12', '93e21781c272abac2fe13823e621ec144bc7510462feaa6aa4471d19eab60806', '2025-06-10 18:30:06', NULL, 0, '2025-06-10 00:30:06', '2025-06-10 00:30:06'),
	(12, 'bani', 'bani', '$2y$10$kn3HeI4z/sm2U9K3X9a2G.Ymc8D8EFh8hqaj/IZzRiY2dQE2PI6ua', 'bani@gmail.com', 'customer', 'active', 1, '1', 2, '1', 3, '1', 4, '1', 5, '1', '3d4b0fb01299c3dd17c64ec8dc6f23cbc75ed8258ec3ac7669b9e66bed2136aa', '2025-08-10 20:04:09', NULL, 0, '2025-08-10 02:04:09', '2025-08-10 02:04:09'),
	(13, 'Manager', 'Manager', '$2y$10$kW3YXAli5XyvVmcYIa7WqeRDEO39lmpooJE1kn9bT/u/3A4Ll8fqS', 'Manager@gmail.com', 'manager', 'active', 1, 'Manager', 2, 'Manager', 3, 'Manager', 4, 'Manager', 5, 'Manager', NULL, NULL, NULL, 0, '2025-08-13 11:41:01', '2025-09-28 12:52:40'),
	(18, 'Bannie bringcols', 'Jade001', '$2y$10$7C7Uej3ajBgXaQzSMvTlfeWucGO934.7VMteH6GeAkiaEjLUYnizq', 'jade001@gmail.com', 'customer', 'active', 1, 'jade', 2, 'jade', 3, 'jade', 4, 'jade', 5, 'jade', 'eyJ0eXAiOiJKV1QiLCJhbGciOiJIUzI1NiJ9.eyJzdWIiOjE4LCJyb2xlIjoiY3VzdG9tZXIiLCJ1c2VybmFtZSI6IkphZGUwMDEiLCJpYXQiOjE3NTc3NzM4MTgsImV4cCI6MTc2MDM2NTgxOH0.hqmOrESqklTIhx3RcNQkxe1OsYCOXKoy5yXZO9aBNNs', '2025-10-13 08:30:18', NULL, 0, '2025-09-10 14:54:33', '2025-09-16 01:27:29'),
	(19, 'User001', 'User001', '$2y$10$Njrq4PFIqMZfReh9k9KCbulOKZzF2HNDkJYXEyz5gnkyoWWCd5Yj6', 'User001@gmail.com', 'customer', 'active', 1, 'User001', 2, 'User001', 3, 'User001', 4, 'User001', 5, 'User001', NULL, NULL, NULL, 0, '2025-09-15 11:06:55', '2025-09-16 01:56:58'),
	(20, 'User002', 'User002', '$2y$10$6Y4P8e.pbueJKAi8KwDBe.33e35yXGWiyUq8aVbutQn3AIbOY8LW2', 'User002@gmail.com', 'customer', 'active', 1, 'User002', 2, 'User002', 3, 'User002', 4, 'User002', 5, 'User002', NULL, NULL, NULL, 0, '2025-09-15 11:14:56', '2025-09-19 07:04:01'),
	(21, 'Bannie banban bringcols', 'User003', '$2y$10$uVzGiKKz3SXwiHMV0QhvZO/kzFLfnvg89IT3YWTgHnAuVD3fgBDtW', 'User003@gmail.com', 'staff', 'active', NULL, NULL, NULL, NULL, NULL, NULL, NULL, NULL, NULL, NULL, '73d8da350f40e4e46ea3a3a747c9c03b1e714455a6d9767ed75a30e4c6db053b', '2025-09-16 05:49:18', NULL, 0, '2025-09-15 11:49:18', '2025-09-15 11:49:18'),
	(25, 'BanBan01', 'Banban001', '$2y$12$RHrZT8xwZ.LM3ExN0KI64upBj0r/XD0.PBUjiy24gUrwqw7oyC3rS', 'banban001@gmail.com', 'customer', 'active', 1, 'BanBan01', 2, 'BanBan01', 3, 'BanBan01', 4, 'BanBan01', 5, 'BanBan01', NULL, NULL, NULL, 0, '2025-09-29 12:33:09', '2025-09-29 15:03:38');

/*!40103 SET TIME_ZONE=IFNULL(@OLD_TIME_ZONE, 'system') */;
/*!40101 SET SQL_MODE=IFNULL(@OLD_SQL_MODE, '') */;
/*!40014 SET FOREIGN_KEY_CHECKS=IFNULL(@OLD_FOREIGN_KEY_CHECKS, 1) */;
/*!40101 SET CHARACTER_SET_CLIENT=@OLD_CHARACTER_SET_CLIENT */;
/*!40111 SET SQL_NOTES=IFNULL(@OLD_SQL_NOTES, 1) */;
